{
    "titulo":"Generación de cupones",
    "etiquetas": [
        "Correo electrónico",
        "Nombres",
        "Apellidos",
        "Número de teléfono",
        "Número de factura",
        "Monto de la compra",
        "¿Desea afiliarse a nuestra comunidad Cash-Flag?"
    ],
    "campos": [
        "email",
        "nombres",
        "apellidos",
        "telefono",
        "factura",
        "monto",
        "socio",
        "id_proveedor"
    ],
    "mensajes": {
        "fallaregistrocupon": ["Falló el registro del cupón,","Comuniquese por Whatsapp al +584244071820."],
        "exitoregistrocupon": ["Cupón registrado exitosamente,","Puede canjearlo en el punto de venta."],
        "cuponyaregistrado": ["Falló el registro del cupón,","El número de factura ya esta registrado."]
    }
}